index,partyName,partyCode,color,constituencySeats,partyListSeats,totalSeats
1,พรรคภูมิใจไทย,37,#131c5f,174,19,193
2,พรรคภูมิใจไทย,37,#131c5f,174,19,193
3,พรรคภูมิใจไทย,37,#131c5f,174,19,193
4,พรรคภูมิใจไทย,37,#131c5f,174,19,193
5,พรรคภูมิใจไทย,37,#131c5f,174,19,193
6,พรรคภูมิใจไทย,37,#131c5f,174,19,193
7,พรรคภูมิใจไทย,37,#131c5f,174,19,193
8,พรรคภูมิใจไทย,37,#131c5f,174,19,193
9,พรรคภูมิใจไทย,37,#131c5f,174,19,193
10,พรรคภูมิใจไทย,37,#131c5f,174,19,193
11,พรรคภูมิใจไทย,37,#131c5f,174,19,193
12,พรรคภูมิใจไทย,37,#131c5f,174,19,193
13,พรรคภูมิใจไทย,37,#131c5f,174,19,193
14,พรรคภูมิใจไทย,37,#131c5f,174,19,193
15,พรรคภูมิใจไทย,37,#131c5f,174,19,193
16,พรรคภูมิใจไทย,37,#131c5f,174,19,193
17,พรรคภูมิใจไทย,37,#131c5f,174,19,193
18,พรรคภูมิใจไทย,37,#131c5f,174,19,193
19,พรรคภูมิใจไทย,37,#131c5f,174,19,193
20,พรรคภูมิใจไทย,37,#131c5f,174,19,193
21,พรรคภูมิใจไทย,37,#131c5f,174,19,193
22,พรรคภูมิใจไทย,37,#131c5f,174,19,193
23,พรรคภูมิใจไทย,37,#131c5f,174,19,193
24,พรรคภูมิใจไทย,37,#131c5f,174,19,193
25,พรรคภูมิใจไทย,37,#131c5f,174,19,193
26,พรรคภูมิใจไทย,37,#131c5f,174,19,193
27,พรรคภูมิใจไทย,37,#131c5f,174,19,193
28,พรรคภูมิใจไทย,37,#131c5f,174,19,193
29,พรรคภูมิใจไทย,37,#131c5f,174,19,193
30,พรรคภูมิใจไทย,37,#131c5f,174,19,193
31,พรรคภูมิใจไทย,37,#131c5f,174,19,193
32,พรรคภูมิใจไทย,37,#131c5f,174,19,193
33,พรรคภูมิใจไทย,37,#131c5f,174,19,193
34,พรรคภูมิใจไทย,37,#131c5f,174,19,193
35,พรรคภูมิใจไทย,37,#131c5f,174,19,193
36,พรรคภูมิใจไทย,37,#131c5f,174,19,193
37,พรรคภูมิใจไทย,37,#131c5f,174,19,193
38,พรรคภูมิใจไทย,37,#131c5f,174,19,193
39,พรรคภูมิใจไทย,37,#131c5f,174,19,193
40,พรรคภูมิใจไทย,37,#131c5f,174,19,193
41,พรรคภูมิใจไทย,37,#131c5f,174,19,193
42,พรรคภูมิใจไทย,37,#131c5f,174,19,193
43,พรรคภูมิใจไทย,37,#131c5f,174,19,193
44,พรรคภูมิใจไทย,37,#131c5f,174,19,193
45,พรรคภูมิใจไทย,37,#131c5f,174,19,193
46,พรรคภูมิใจไทย,37,#131c5f,174,19,193
47,พรรคภูมิใจไทย,37,#131c5f,174,19,193
48,พรรคภูมิใจไทย,37,#131c5f,174,19,193
49,พรรคภูมิใจไทย,37,#131c5f,174,19,193
50,พรรคภูมิใจไทย,37,#131c5f,174,19,193
51,พรรคภูมิใจไทย,37,#131c5f,174,19,193
52,พรรคภูมิใจไทย,37,#131c5f,174,19,193
53,พรรคภูมิใจไทย,37,#131c5f,174,19,193
54,พรรคภูมิใจไทย,37,#131c5f,174,19,193
55,พรรคภูมิใจไทย,37,#131c5f,174,19,193
56,พรรคภูมิใจไทย,37,#131c5f,174,19,193
57,พรรคภูมิใจไทย,37,#131c5f,174,19,193
58,พรรคภูมิใจไทย,37,#131c5f,174,19,193
59,พรรคภูมิใจไทย,37,#131c5f,174,19,193
60,พรรคภูมิใจไทย,37,#131c5f,174,19,193
61,พรรคภูมิใจไทย,37,#131c5f,174,19,193
62,พรรคภูมิใจไทย,37,#131c5f,174,19,193
63,พรรคภูมิใจไทย,37,#131c5f,174,19,193
64,พรรคภูมิใจไทย,37,#131c5f,174,19,193
65,พรรคภูมิใจไทย,37,#131c5f,174,19,193
66,พรรคภูมิใจไทย,37,#131c5f,174,19,193
67,พรรคภูมิใจไทย,37,#131c5f,174,19,193
68,พรรคภูมิใจไทย,37,#131c5f,174,19,193
69,พรรคภูมิใจไทย,37,#131c5f,174,19,193
70,พรรคภูมิใจไทย,37,#131c5f,174,19,193
71,พรรคภูมิใจไทย,37,#131c5f,174,19,193
72,พรรคภูมิใจไทย,37,#131c5f,174,19,193
73,พรรคภูมิใจไทย,37,#131c5f,174,19,193
74,พรรคภูมิใจไทย,37,#131c5f,174,19,193
75,พรรคภูมิใจไทย,37,#131c5f,174,19,193
76,พรรคภูมิใจไทย,37,#131c5f,174,19,193
77,พรรคภูมิใจไทย,37,#131c5f,174,19,193
78,พรรคภูมิใจไทย,37,#131c5f,174,19,193
79,พรรคภูมิใจไทย,37,#131c5f,174,19,193
80,พรรคภูมิใจไทย,37,#131c5f,174,19,193
81,พรรคภูมิใจไทย,37,#131c5f,174,19,193
82,พรรคภูมิใจไทย,37,#131c5f,174,19,193
83,พรรคภูมิใจไทย,37,#131c5f,174,19,193
84,พรรคภูมิใจไทย,37,#131c5f,174,19,193
85,พรรคภูมิใจไทย,37,#131c5f,174,19,193
86,พรรคภูมิใจไทย,37,#131c5f,174,19,193
87,พรรคภูมิใจไทย,37,#131c5f,174,19,193
88,พรรคภูมิใจไทย,37,#131c5f,174,19,193
89,พรรคภูมิใจไทย,37,#131c5f,174,19,193
90,พรรคภูมิใจไทย,37,#131c5f,174,19,193
91,พรรคภูมิใจไทย,37,#131c5f,174,19,193
92,พรรคภูมิใจไทย,37,#131c5f,174,19,193
93,พรรคภูมิใจไทย,37,#131c5f,174,19,193
94,พรรคภูมิใจไทย,37,#131c5f,174,19,193
95,พรรคภูมิใจไทย,37,#131c5f,174,19,193
96,พรรคภูมิใจไทย,37,#131c5f,174,19,193
97,พรรคภูมิใจไทย,37,#131c5f,174,19,193
98,พรรคภูมิใจไทย,37,#131c5f,174,19,193
99,พรรคภูมิใจไทย,37,#131c5f,174,19,193
100,พรรคภูมิใจไทย,37,#131c5f,174,19,193
101,พรรคภูมิใจไทย,37,#131c5f,174,19,193
102,พรรคภูมิใจไทย,37,#131c5f,174,19,193
103,พรรคภูมิใจไทย,37,#131c5f,174,19,193
104,พรรคภูมิใจไทย,37,#131c5f,174,19,193
105,พรรคภูมิใจไทย,37,#131c5f,174,19,193
106,พรรคภูมิใจไทย,37,#131c5f,174,19,193
107,พรรคภูมิใจไทย,37,#131c5f,174,19,193
108,พรรคภูมิใจไทย,37,#131c5f,174,19,193
109,พรรคภูมิใจไทย,37,#131c5f,174,19,193
110,พรรคภูมิใจไทย,37,#131c5f,174,19,193
111,พรรคภูมิใจไทย,37,#131c5f,174,19,193
112,พรรคภูมิใจไทย,37,#131c5f,174,19,193
113,พรรคภูมิใจไทย,37,#131c5f,174,19,193
114,พรรคภูมิใจไทย,37,#131c5f,174,19,193
115,พรรคภูมิใจไทย,37,#131c5f,174,19,193
116,พรรคภูมิใจไทย,37,#131c5f,174,19,193
117,พรรคภูมิใจไทย,37,#131c5f,174,19,193
118,พรรคภูมิใจไทย,37,#131c5f,174,19,193
119,พรรคภูมิใจไทย,37,#131c5f,174,19,193
120,พรรคภูมิใจไทย,37,#131c5f,174,19,193
121,พรรคภูมิใจไทย,37,#131c5f,174,19,193
122,พรรคภูมิใจไทย,37,#131c5f,174,19,193
123,พรรคภูมิใจไทย,37,#131c5f,174,19,193
124,พรรคภูมิใจไทย,37,#131c5f,174,19,193
125,พรรคภูมิใจไทย,37,#131c5f,174,19,193
126,พรรคภูมิใจไทย,37,#131c5f,174,19,193
127,พรรคภูมิใจไทย,37,#131c5f,174,19,193
128,พรรคภูมิใจไทย,37,#131c5f,174,19,193
129,พรรคภูมิใจไทย,37,#131c5f,174,19,193
130,พรรคภูมิใจไทย,37,#131c5f,174,19,193
131,พรรคภูมิใจไทย,37,#131c5f,174,19,193
132,พรรคภูมิใจไทย,37,#131c5f,174,19,193
133,พรรคภูมิใจไทย,37,#131c5f,174,19,193
134,พรรคภูมิใจไทย,37,#131c5f,174,19,193
135,พรรคภูมิใจไทย,37,#131c5f,174,19,193
136,พรรคภูมิใจไทย,37,#131c5f,174,19,193
137,พรรคภูมิใจไทย,37,#131c5f,174,19,193
138,พรรคภูมิใจไทย,37,#131c5f,174,19,193
139,พรรคภูมิใจไทย,37,#131c5f,174,19,193
140,พรรคภูมิใจไทย,37,#131c5f,174,19,193
141,พรรคภูมิใจไทย,37,#131c5f,174,19,193
142,พรรคภูมิใจไทย,37,#131c5f,174,19,193
143,พรรคภูมิใจไทย,37,#131c5f,174,19,193
144,พรรคภูมิใจไทย,37,#131c5f,174,19,193
145,พรรคภูมิใจไทย,37,#131c5f,174,19,193
146,พรรคภูมิใจไทย,37,#131c5f,174,19,193
147,พรรคภูมิใจไทย,37,#131c5f,174,19,193
148,พรรคภูมิใจไทย,37,#131c5f,174,19,193
149,พรรคภูมิใจไทย,37,#131c5f,174,19,193
150,พรรคภูมิใจไทย,37,#131c5f,174,19,193
151,พรรคภูมิใจไทย,37,#131c5f,174,19,193
152,พรรคภูมิใจไทย,37,#131c5f,174,19,193
153,พรรคภูมิใจไทย,37,#131c5f,174,19,193
154,พรรคภูมิใจไทย,37,#131c5f,174,19,193
155,พรรคภูมิใจไทย,37,#131c5f,174,19,193
156,พรรคภูมิใจไทย,37,#131c5f,174,19,193
157,พรรคภูมิใจไทย,37,#131c5f,174,19,193
158,พรรคภูมิใจไทย,37,#131c5f,174,19,193
159,พรรคภูมิใจไทย,37,#131c5f,174,19,193
160,พรรคภูมิใจไทย,37,#131c5f,174,19,193
161,พรรคภูมิใจไทย,37,#131c5f,174,19,193
162,พรรคภูมิใจไทย,37,#131c5f,174,19,193
163,พรรคภูมิใจไทย,37,#131c5f,174,19,193
164,พรรคภูมิใจไทย,37,#131c5f,174,19,193
165,พรรคภูมิใจไทย,37,#131c5f,174,19,193
166,พรรคภูมิใจไทย,37,#131c5f,174,19,193
167,พรรคภูมิใจไทย,37,#131c5f,174,19,193
168,พรรคภูมิใจไทย,37,#131c5f,174,19,193
169,พรรคภูมิใจไทย,37,#131c5f,174,19,193
170,พรรคภูมิใจไทย,37,#131c5f,174,19,193
171,พรรคภูมิใจไทย,37,#131c5f,174,19,193
172,พรรคภูมิใจไทย,37,#131c5f,174,19,193
173,พรรคภูมิใจไทย,37,#131c5f,174,19,193
174,พรรคภูมิใจไทย,37,#131c5f,174,19,193
175,พรรคภูมิใจไทย,37,#131c5f,174,19,193
176,พรรคภูมิใจไทย,37,#131c5f,174,19,193
177,พรรคภูมิใจไทย,37,#131c5f,174,19,193
178,พรรคภูมิใจไทย,37,#131c5f,174,19,193
179,พรรคภูมิใจไทย,37,#131c5f,174,19,193
180,พรรคภูมิใจไทย,37,#131c5f,174,19,193
181,พรรคภูมิใจไทย,37,#131c5f,174,19,193
182,พรรคภูมิใจไทย,37,#131c5f,174,19,193
183,พรรคภูมิใจไทย,37,#131c5f,174,19,193
184,พรรคภูมิใจไทย,37,#131c5f,174,19,193
185,พรรคภูมิใจไทย,37,#131c5f,174,19,193
186,พรรคภูมิใจไทย,37,#131c5f,174,19,193
187,พรรคภูมิใจไทย,37,#131c5f,174,19,193
188,พรรคภูมิใจไทย,37,#131c5f,174,19,193
189,พรรคภูมิใจไทย,37,#131c5f,174,19,193
190,พรรคภูมิใจไทย,37,#131c5f,174,19,193
191,พรรคภูมิใจไทย,37,#131c5f,174,19,193
192,พรรคภูมิใจไทย,37,#131c5f,174,19,193
193,พรรคภูมิใจไทย,37,#131c5f,174,19,193
194,พรรคประชาชน,46,#ff6412,87,31,118
195,พรรคประชาชน,46,#ff6412,87,31,118
196,พรรคประชาชน,46,#ff6412,87,31,118
197,พรรคประชาชน,46,#ff6412,87,31,118
198,พรรคประชาชน,46,#ff6412,87,31,118
199,พรรคประชาชน,46,#ff6412,87,31,118
200,พรรคประชาชน,46,#ff6412,87,31,118
201,พรรคประชาชน,46,#ff6412,87,31,118
202,พรรคประชาชน,46,#ff6412,87,31,118
203,พรรคประชาชน,46,#ff6412,87,31,118
204,พรรคประชาชน,46,#ff6412,87,31,118
205,พรรคประชาชน,46,#ff6412,87,31,118
206,พรรคประชาชน,46,#ff6412,87,31,118
207,พรรคประชาชน,46,#ff6412,87,31,118
208,พรรคประชาชน,46,#ff6412,87,31,118
209,พรรคประชาชน,46,#ff6412,87,31,118
210,พรรคประชาชน,46,#ff6412,87,31,118
211,พรรคประชาชน,46,#ff6412,87,31,118
212,พรรคประชาชน,46,#ff6412,87,31,118
213,พรรคประชาชน,46,#ff6412,87,31,118
214,พรรคประชาชน,46,#ff6412,87,31,118
215,พรรคประชาชน,46,#ff6412,87,31,118
216,พรรคประชาชน,46,#ff6412,87,31,118
217,พรรคประชาชน,46,#ff6412,87,31,118
218,พรรคประชาชน,46,#ff6412,87,31,118
219,พรรคประชาชน,46,#ff6412,87,31,118
220,พรรคประชาชน,46,#ff6412,87,31,118
221,พรรคประชาชน,46,#ff6412,87,31,118
222,พรรคประชาชน,46,#ff6412,87,31,118
223,พรรคประชาชน,46,#ff6412,87,31,118
224,พรรคประชาชน,46,#ff6412,87,31,118
225,พรรคประชาชน,46,#ff6412,87,31,118
226,พรรคประชาชน,46,#ff6412,87,31,118
227,พรรคประชาชน,46,#ff6412,87,31,118
228,พรรคประชาชน,46,#ff6412,87,31,118
229,พรรคประชาชน,46,#ff6412,87,31,118
230,พรรคประชาชน,46,#ff6412,87,31,118
231,พรรคประชาชน,46,#ff6412,87,31,118
232,พรรคประชาชน,46,#ff6412,87,31,118
233,พรรคประชาชน,46,#ff6412,87,31,118
234,พรรคประชาชน,46,#ff6412,87,31,118
235,พรรคประชาชน,46,#ff6412,87,31,118
236,พรรคประชาชน,46,#ff6412,87,31,118
237,พรรคประชาชน,46,#ff6412,87,31,118
238,พรรคประชาชน,46,#ff6412,87,31,118
239,พรรคประชาชน,46,#ff6412,87,31,118
240,พรรคประชาชน,46,#ff6412,87,31,118
241,พรรคประชาชน,46,#ff6412,87,31,118
242,พรรคประชาชน,46,#ff6412,87,31,118
243,พรรคประชาชน,46,#ff6412,87,31,118
244,พรรคประชาชน,46,#ff6412,87,31,118
245,พรรคประชาชน,46,#ff6412,87,31,118
246,พรรคประชาชน,46,#ff6412,87,31,118
247,พรรคประชาชน,46,#ff6412,87,31,118
248,พรรคประชาชน,46,#ff6412,87,31,118
249,พรรคประชาชน,46,#ff6412,87,31,118
250,พรรคประชาชน,46,#ff6412,87,31,118
251,พรรคประชาชน,46,#ff6412,87,31,118
252,พรรคประชาชน,46,#ff6412,87,31,118
253,พรรคประชาชน,46,#ff6412,87,31,118
254,พรรคประชาชน,46,#ff6412,87,31,118
255,พรรคประชาชน,46,#ff6412,87,31,118
256,พรรคประชาชน,46,#ff6412,87,31,118
257,พรรคประชาชน,46,#ff6412,87,31,118
258,พรรคประชาชน,46,#ff6412,87,31,118
259,พรรคประชาชน,46,#ff6412,87,31,118
260,พรรคประชาชน,46,#ff6412,87,31,118
261,พรรคประชาชน,46,#ff6412,87,31,118
262,พรรคประชาชน,46,#ff6412,87,31,118
263,พรรคประชาชน,46,#ff6412,87,31,118
264,พรรคประชาชน,46,#ff6412,87,31,118
265,พรรคประชาชน,46,#ff6412,87,31,118
266,พรรคประชาชน,46,#ff6412,87,31,118
267,พรรคประชาชน,46,#ff6412,87,31,118
268,พรรคประชาชน,46,#ff6412,87,31,118
269,พรรคประชาชน,46,#ff6412,87,31,118
270,พรรคประชาชน,46,#ff6412,87,31,118
271,พรรคประชาชน,46,#ff6412,87,31,118
272,พรรคประชาชน,46,#ff6412,87,31,118
273,พรรคประชาชน,46,#ff6412,87,31,118
274,พรรคประชาชน,46,#ff6412,87,31,118
275,พรรคประชาชน,46,#ff6412,87,31,118
276,พรรคประชาชน,46,#ff6412,87,31,118
277,พรรคประชาชน,46,#ff6412,87,31,118
278,พรรคประชาชน,46,#ff6412,87,31,118
279,พรรคประชาชน,46,#ff6412,87,31,118
280,พรรคประชาชน,46,#ff6412,87,31,118
281,พรรคประชาชน,46,#ff6412,87,31,118
282,พรรคประชาชน,46,#ff6412,87,31,118
283,พรรคประชาชน,46,#ff6412,87,31,118
284,พรรคประชาชน,46,#ff6412,87,31,118
285,พรรคประชาชน,46,#ff6412,87,31,118
286,พรรคประชาชน,46,#ff6412,87,31,118
287,พรรคประชาชน,46,#ff6412,87,31,118
288,พรรคประชาชน,46,#ff6412,87,31,118
289,พรรคประชาชน,46,#ff6412,87,31,118
290,พรรคประชาชน,46,#ff6412,87,31,118
291,พรรคประชาชน,46,#ff6412,87,31,118
292,พรรคประชาชน,46,#ff6412,87,31,118
293,พรรคประชาชน,46,#ff6412,87,31,118
294,พรรคประชาชน,46,#ff6412,87,31,118
295,พรรคประชาชน,46,#ff6412,87,31,118
296,พรรคประชาชน,46,#ff6412,87,31,118
297,พรรคประชาชน,46,#ff6412,87,31,118
298,พรรคประชาชน,46,#ff6412,87,31,118
299,พรรคประชาชน,46,#ff6412,87,31,118
300,พรรคประชาชน,46,#ff6412,87,31,118
301,พรรคประชาชน,46,#ff6412,87,31,118
302,พรรคประชาชน,46,#ff6412,87,31,118
303,พรรคประชาชน,46,#ff6412,87,31,118
304,พรรคประชาชน,46,#ff6412,87,31,118
305,พรรคประชาชน,46,#ff6412,87,31,118
306,พรรคประชาชน,46,#ff6412,87,31,118
307,พรรคประชาชน,46,#ff6412,87,31,118
308,พรรคประชาชน,46,#ff6412,87,31,118
309,พรรคประชาชน,46,#ff6412,87,31,118
310,พรรคประชาชน,46,#ff6412,87,31,118
311,พรรคประชาชน,46,#ff6412,87,31,118
312,พรรคเพื่อไทย,9,#fe0000,58,16,74
313,พรรคเพื่อไทย,9,#fe0000,58,16,74
314,พรรคเพื่อไทย,9,#fe0000,58,16,74
315,พรรคเพื่อไทย,9,#fe0000,58,16,74
316,พรรคเพื่อไทย,9,#fe0000,58,16,74
317,พรรคเพื่อไทย,9,#fe0000,58,16,74
318,พรรคเพื่อไทย,9,#fe0000,58,16,74
319,พรรคเพื่อไทย,9,#fe0000,58,16,74
320,พรรคเพื่อไทย,9,#fe0000,58,16,74
321,พรรคเพื่อไทย,9,#fe0000,58,16,74
322,พรรคเพื่อไทย,9,#fe0000,58,16,74
323,พรรคเพื่อไทย,9,#fe0000,58,16,74
324,พรรคเพื่อไทย,9,#fe0000,58,16,74
325,พรรคเพื่อไทย,9,#fe0000,58,16,74
326,พรรคเพื่อไทย,9,#fe0000,58,16,74
327,พรรคเพื่อไทย,9,#fe0000,58,16,74
328,พรรคเพื่อไทย,9,#fe0000,58,16,74
329,พรรคเพื่อไทย,9,#fe0000,58,16,74
330,พรรคเพื่อไทย,9,#fe0000,58,16,74
331,พรรคเพื่อไทย,9,#fe0000,58,16,74
332,พรรคเพื่อไทย,9,#fe0000,58,16,74
333,พรรคเพื่อไทย,9,#fe0000,58,16,74
334,พรรคเพื่อไทย,9,#fe0000,58,16,74
335,พรรคเพื่อไทย,9,#fe0000,58,16,74
336,พรรคเพื่อไทย,9,#fe0000,58,16,74
337,พรรคเพื่อไทย,9,#fe0000,58,16,74
338,พรรคเพื่อไทย,9,#fe0000,58,16,74
339,พรรคเพื่อไทย,9,#fe0000,58,16,74
340,พรรคเพื่อไทย,9,#fe0000,58,16,74
341,พรรคเพื่อไทย,9,#fe0000,58,16,74
342,พรรคเพื่อไทย,9,#fe0000,58,16,74
343,พรรคเพื่อไทย,9,#fe0000,58,16,74
344,พรรคเพื่อไทย,9,#fe0000,58,16,74
345,พรรคเพื่อไทย,9,#fe0000,58,16,74
346,พรรคเพื่อไทย,9,#fe0000,58,16,74
347,พรรคเพื่อไทย,9,#fe0000,58,16,74
348,พรรคเพื่อไทย,9,#fe0000,58,16,74
349,พรรคเพื่อไทย,9,#fe0000,58,16,74
350,พรรคเพื่อไทย,9,#fe0000,58,16,74
351,พรรคเพื่อไทย,9,#fe0000,58,16,74
352,พรรคเพื่อไทย,9,#fe0000,58,16,74
353,พรรคเพื่อไทย,9,#fe0000,58,16,74
354,พรรคเพื่อไทย,9,#fe0000,58,16,74
355,พรรคเพื่อไทย,9,#fe0000,58,16,74
356,พรรคเพื่อไทย,9,#fe0000,58,16,74
357,พรรคเพื่อไทย,9,#fe0000,58,16,74
358,พรรคเพื่อไทย,9,#fe0000,58,16,74
359,พรรคเพื่อไทย,9,#fe0000,58,16,74
360,พรรคเพื่อไทย,9,#fe0000,58,16,74
361,พรรคเพื่อไทย,9,#fe0000,58,16,74
362,พรรคเพื่อไทย,9,#fe0000,58,16,74
363,พรรคเพื่อไทย,9,#fe0000,58,16,74
364,พรรคเพื่อไทย,9,#fe0000,58,16,74
365,พรรคเพื่อไทย,9,#fe0000,58,16,74
366,พรรคเพื่อไทย,9,#fe0000,58,16,74
367,พรรคเพื่อไทย,9,#fe0000,58,16,74
368,พรรคเพื่อไทย,9,#fe0000,58,16,74
369,พรรคเพื่อไทย,9,#fe0000,58,16,74
370,พรรคเพื่อไทย,9,#fe0000,58,16,74
371,พรรคเพื่อไทย,9,#fe0000,58,16,74
372,พรรคเพื่อไทย,9,#fe0000,58,16,74
373,พรรคเพื่อไทย,9,#fe0000,58,16,74
374,พรรคเพื่อไทย,9,#fe0000,58,16,74
375,พรรคเพื่อไทย,9,#fe0000,58,16,74
376,พรรคเพื่อไทย,9,#fe0000,58,16,74
377,พรรคเพื่อไทย,9,#fe0000,58,16,74
378,พรรคเพื่อไทย,9,#fe0000,58,16,74
379,พรรคเพื่อไทย,9,#fe0000,58,16,74
380,พรรคเพื่อไทย,9,#fe0000,58,16,74
381,พรรคเพื่อไทย,9,#fe0000,58,16,74
382,พรรคเพื่อไทย,9,#fe0000,58,16,74
383,พรรคเพื่อไทย,9,#fe0000,58,16,74
384,พรรคเพื่อไทย,9,#fe0000,58,16,74
385,พรรคเพื่อไทย,9,#fe0000,58,16,74
386,พรรคกล้าธรรม,42,#44a26e,56,2,58
387,พรรคกล้าธรรม,42,#44a26e,56,2,58
388,พรรคกล้าธรรม,42,#44a26e,56,2,58
389,พรรคกล้าธรรม,42,#44a26e,56,2,58
390,พรรคกล้าธรรม,42,#44a26e,56,2,58
391,พรรคกล้าธรรม,42,#44a26e,56,2,58
392,พรรคกล้าธรรม,42,#44a26e,56,2,58
393,พรรคกล้าธรรม,42,#44a26e,56,2,58
394,พรรคกล้าธรรม,42,#44a26e,56,2,58
395,พรรคกล้าธรรม,42,#44a26e,56,2,58
396,พรรคกล้าธรรม,42,#44a26e,56,2,58
397,พรรคกล้าธรรม,42,#44a26e,56,2,58
398,พรรคกล้าธรรม,42,#44a26e,56,2,58
399,พรรคกล้าธรรม,42,#44a26e,56,2,58
400,พรรคกล้าธรรม,42,#44a26e,56,2,58
401,พรรคกล้าธรรม,42,#44a26e,56,2,58
402,พรรคกล้าธรรม,42,#44a26e,56,2,58
403,พรรคกล้าธรรม,42,#44a26e,56,2,58
404,พรรคกล้าธรรม,42,#44a26e,56,2,58
405,พรรคกล้าธรรม,42,#44a26e,56,2,58
406,พรรคกล้าธรรม,42,#44a26e,56,2,58
407,พรรคกล้าธรรม,42,#44a26e,56,2,58
408,พรรคกล้าธรรม,42,#44a26e,56,2,58
409,พรรคกล้าธรรม,42,#44a26e,56,2,58
410,พรรคกล้าธรรม,42,#44a26e,56,2,58
411,พรรคกล้าธรรม,42,#44a26e,56,2,58
412,พรรคกล้าธรรม,42,#44a26e,56,2,58
413,พรรคกล้าธรรม,42,#44a26e,56,2,58
414,พรรคกล้าธรรม,42,#44a26e,56,2,58
415,พรรคกล้าธรรม,42,#44a26e,56,2,58
416,พรรคกล้าธรรม,42,#44a26e,56,2,58
417,พรรคกล้าธรรม,42,#44a26e,56,2,58
418,พรรคกล้าธรรม,42,#44a26e,56,2,58
419,พรรคกล้าธรรม,42,#44a26e,56,2,58
420,พรรคกล้าธรรม,42,#44a26e,56,2,58
421,พรรคกล้าธรรม,42,#44a26e,56,2,58
422,พรรคกล้าธรรม,42,#44a26e,56,2,58
423,พรรคกล้าธรรม,42,#44a26e,56,2,58
424,พรรคกล้าธรรม,42,#44a26e,56,2,58
425,พรรคกล้าธรรม,42,#44a26e,56,2,58
426,พรรคกล้าธรรม,42,#44a26e,56,2,58
427,พรรคกล้าธรรม,42,#44a26e,56,2,58
428,พรรคกล้าธรรม,42,#44a26e,56,2,58
429,พรรคกล้าธรรม,42,#44a26e,56,2,58
430,พรรคกล้าธรรม,42,#44a26e,56,2,58
431,พรรคกล้าธรรม,42,#44a26e,56,2,58
432,พรรคกล้าธรรม,42,#44a26e,56,2,58
433,พรรคกล้าธรรม,42,#44a26e,56,2,58
434,พรรคกล้าธรรม,42,#44a26e,56,2,58
435,พรรคกล้าธรรม,42,#44a26e,56,2,58
436,พรรคกล้าธรรม,42,#44a26e,56,2,58
437,พรรคกล้าธรรม,42,#44a26e,56,2,58
438,พรรคกล้าธรรม,42,#44a26e,56,2,58
439,พรรคกล้าธรรม,42,#44a26e,56,2,58
440,พรรคกล้าธรรม,42,#44a26e,56,2,58
441,พรรคกล้าธรรม,42,#44a26e,56,2,58
442,พรรคกล้าธรรม,42,#44a26e,56,2,58
443,พรรคกล้าธรรม,42,#44a26e,56,2,58
444,พรรคประชาธิปัตย์,27,#70c0fd,10,12,22
445,พรรคประชาธิปัตย์,27,#70c0fd,10,12,22
446,พรรคประชาธิปัตย์,27,#70c0fd,10,12,22
447,พรรคประชาธิปัตย์,27,#70c0fd,10,12,22
448,พรรคประชาธิปัตย์,27,#70c0fd,10,12,22
449,พรรคประชาธิปัตย์,27,#70c0fd,10,12,22
450,พรรคประชาธิปัตย์,27,#70c0fd,10,12,22
451,พรรคประชาธิปัตย์,27,#70c0fd,10,12,22
452,พรรคประชาธิปัตย์,27,#70c0fd,10,12,22
453,พรรคประชาธิปัตย์,27,#70c0fd,10,12,22
454,พรรคประชาธิปัตย์,27,#70c0fd,10,12,22
455,พรรคประชาธิปัตย์,27,#70c0fd,10,12,22
456,พรรคประชาธิปัตย์,27,#70c0fd,10,12,22
457,พรรคประชาธิปัตย์,27,#70c0fd,10,12,22
458,พรรคประชาธิปัตย์,27,#70c0fd,10,12,22
459,พรรคประชาธิปัตย์,27,#70c0fd,10,12,22
460,พรรคประชาธิปัตย์,27,#70c0fd,10,12,22
461,พรรคประชาธิปัตย์,27,#70c0fd,10,12,22
462,พรรคประชาธิปัตย์,27,#70c0fd,10,12,22
463,พรรคประชาธิปัตย์,27,#70c0fd,10,12,22
464,พรรคประชาธิปัตย์,27,#70c0fd,10,12,22
465,พรรคประชาธิปัตย์,27,#70c0fd,10,12,22
466,พรรคไทรวมพลัง,21,#2a0b73,5,1,6
467,พรรคไทรวมพลัง,21,#2a0b73,5,1,6
468,พรรคไทรวมพลัง,21,#2a0b73,5,1,6
469,พรรคไทรวมพลัง,21,#2a0b73,5,1,6
470,พรรคไทรวมพลัง,21,#2a0b73,5,1,6
471,พรรคไทรวมพลัง,21,#2a0b73,5,1,6
472,พรรคพลังประชารัฐ,43,#096735,4,1,5
473,พรรคพลังประชารัฐ,43,#096735,4,1,5
474,พรรคพลังประชารัฐ,43,#096735,4,1,5
475,พรรคพลังประชารัฐ,43,#096735,4,1,5
476,พรรคพลังประชารัฐ,43,#096735,4,1,5
477,พรรคประชาชาติ,33,#ba810e,4,1,5
478,พรรคประชาชาติ,33,#ba810e,4,1,5
479,พรรคประชาชาติ,33,#ba810e,4,1,5
480,พรรคประชาชาติ,33,#ba810e,4,1,5
481,พรรคประชาชาติ,33,#ba810e,4,1,5
482,พรรคเศรษฐกิจ,11,#febd2f,0,3,3
483,พรรคเศรษฐกิจ,11,#febd2f,0,3,3
484,พรรคเศรษฐกิจ,11,#febd2f,0,3,3
485,พรรคไทยสร้างไทย,48,#7c26df,1,1,2
486,พรรคไทยสร้างไทย,48,#7c26df,1,1,2
487,พรรครวมไทยสร้างชาติ,6,#243180,0,2,2
488,พรรครวมไทยสร้างชาติ,6,#243180,0,2,2
489,พรรคเพื่อชาติไทย,2,#ffe724,0,2,2
490,พรรคเพื่อชาติไทย,2,#ffe724,0,2,2
491,พรรคโอกาสใหม่,44,#f3717b,1,0,1
492,พรรครวมใจไทย,5,#e10717,0,1,1
493,พรรคใหม่,3,#101e41,0,1,1
494,พรรคไทยทรัพย์ทวี,1,#e41d24,0,1,1
495,พรรคประชาธิปไตยใหม่,8,#ee5e17,0,1,1
496,พรรคมิติใหม่,4,#02137d,0,1,1
497,พรรคไทยภักดี,29,#36b54c,0,1,1
498,พรรครวมพลังประชาชน,13,#2d348e,0,1,1
499,พรรคเสรีรวมไทย,12,#eac33b,0,1,1
500,พรรคทางเลือกใหม่,10,#006aee,0,1,1
